Date,rstar (filtered),g (filtered),z (filtered),output gap (filtered),,All results are output from the Stage 3 model.,,,,,,,,,,,,,Standard Errors,Date,y*,r*,g,,rrgap,,Date,rstar (smoothed),g (smoothed),z (smoothed),output gap (smoothed)
1975-01-01,2.67754789980008,2.9860470907085,-0.308499190908426,-1.4848180685326,,Parameter Point Estimates,,,,,,,,,,,,,,,,,,,-18.8106713898001,,1975-01-01,2.95839409484578,3.59316506204077,-0.634770967194989,-1.82440764345012
1975-04-01,3.37305330068472,3.46262310129269,-0.0895698006079736,-0.599910085236786,,a_1,a_2,a_3,b_1,b_2,b_3,b_4,b_5,c,sigma_1,sigma_2,sigma_4,a_1 + a_2,,,,,,,-15.6470799306847,,1975-04-01,2.79584461204229,3.59979132789583,-0.803946715853542,-0.765681622700356
1975-07-01,3.14103417013321,3.34601135089508,-0.204977180761869,-0.177301850829565,,0.890012291996137,-0.001,-0.025,0.89298361882453,-0.0708962470795417,0.025,-0.000196648283281005,0.0252931992533732,1,0.715442310780674,1.37090875057238,0.61365529214609,0.889012291996137,,,,,,,-17.5712281501332,,1975-07-01,2.61310567822331,3.60053066474945,-0.987424986526139,-0.441614121959333
1975-10-01,2.91296824415426,3.26019913986448,-0.347230895710224,0.162328254649822,,,,,,,,,,,,,,,,,,,,,-13.4104739931543,,1975-10-01,2.49939028916697,3.60388425913497,-1.104493969968,-0.195073423763461
1976-01-01,2.59584249477702,3.1146802333216,-0.518837738544581,0.460062937437613,,,,,,,,,,,,,,,,,,,,,-5.39321859377702,,1976-01-01,2.47523850329901,3.61017728263156,-1.13493877933254,-0.101318901482443
1976-04-01,2.23317726875603,2.97808689412609,-0.744909625370064,0.547507583838296,,,,,,,,,,,,,,,,,,,,,-5.13272664875603,,1976-04-01,2.57225867600738,3.62081841110201,-1.04855973509464,-0.236367159476629
1976-07-01,2.74528996936356,3.19317931603916,-0.447889346675599,0.710192056108042,,,,,,,,,,,,,,,,,,,,,-4.83598699936356,,1976-07-01,2.71456986673908,3.63610891398456,-0.921539047245481,0.0669703086678624
1976-10-01,2.07385447869155,2.95391026192177,-0.880055783230228,0.613370522230525,,,,,,,,,,,,,,,,,,,,,-5.71577793769155,,1976-10-01,2.93274585755783,3.64731380365101,-0.714567946093176,-0.410850984695173
1977-01-01,3.28281695681812,3.37713863615882,-0.0943216793407041,0.931256573709959,,,,,,,,,,,,,,,,,,,,,-7.27503459581812,,1977-01-01,3.16607384638804,3.6662780559782,-0.500204209590168,0.342946936993258
1977-04-01,3.05620103193063,3.31877012769846,-0.262569095767836,0.946225764861083,,,,,,,,,,,,,,,,,,,,,-7.94646940093063,,1977-04-01,3.33570260609107,3.6728874435528,-0.337184837461729,0.21935537539656
1977-07-01,2.78260025442143,3.26312804013592,-0.480527785714494,0.950807732035116,,,,,,,,,,,,,,,,,,,,,-8.03621495342143,,1977-07-01,3.60669476806324,3.68229815151155,-0.0756033834483105,0.0840096362611575
1977-10-01,3.10543251161021,3.38340616954903,-0.277973657938814,1.10979049308105,,,,,,,,,,,,,,,,,,,,,-8.72944161061021,,1977-10-01,3.92384537618061,3.69452892538759,0.22931645079302,0.352801508912421
1978-01-01,3.78203357253195,3.62691987507723,0.15511369745472,1.35157837426203,,,,,,,,,,,,,,,,,,,,,-9.23028475153195,,1978-01-01,4.16005440653479,3.70256300404846,0.457491402486327,0.938738919518812
1978-04-01,3.72077480244756,3.62463416612219,0.0961406363253699,1.41559954261629,,Signal-to-noise Ratios,,,,Log Likelihood,,,,,,,,,,,,,,,-9.66882396144756,,1978-04-01,4.33825840475484,3.70152148656748,0.636736918187367,0.975757431471038
1978-07-01,4.05177633239009,3.68881093197961,0.362965400410473,1.58536232338008,,lambda_g,0.0782634122843809,,,-526.476284009512,,,,,,,,,,,,,,,-9.57559884139009,,1978-07-01,4.52063975280437,3.70038205557703,0.820257697227342,1.19990154924125
1978-10-01,4.11448641154189,3.80797460939958,0.306511802142312,1.65371437911313,,lambda_z,0.0928469545437155,,,,,,,,,,,,,,,,,,-9.47333753554189,,1978-10-01,4.6528108794692,3.69567282224942,0.957138057219775,1.51632229460017
1979-01-01,4.31664236894907,3.92417448209894,0.392467886850135,1.75603957885136,,,,,,,,,,,,,,,,,,,,,-9.11102048794907,,1979-01-01,4.7018022388928,3.68584139346243,1.01596084543038,1.86274815318615
1979-04-01,4.83866678171964,4.10073736844684,0.737929413272802,1.93575926600766,,,,,,,,,,,,,,,,,,,,,-8.36998712471964,,1979-04-01,4.61266908468816,3.67001193823661,0.942657146451553,2.40460761955802
1979-07-01,4.69192078909342,4.03848549812612,0.653435290967306,1.90675713108169,,State vector: [y_{t}* y_{t-1}* y_{t-2}* g_{t-1} g_{t-2} z_{t-1} z_{t-2}],,,,,,,,,,,,,,,,,,,-4.92214122509342,,1979-07-01,4.43624629276574,3.64516621497695,0.791080077788793,2.30453386401933
1979-10-01,3.85069360268592,3.94940168397734,-0.0987080812914191,1.62111552008633,,Initial State Vector,,,,,,,,,,,,,,,,,,,-1.44383872468592,,1979-10-01,4.30641197164432,3.62181670680913,0.684595264835192,1.99433863772992
1980-01-01,4.40828247786362,3.98082652041497,0.427455957448647,1.66668087357971,,330.862910026943,329.863775434054,328.864640841164,0.99913459288945,0.99913459288945,0,0,,,,,,,,,,,,,0.0942297681363815,,1980-01-01,4.17988412050457,3.60242193231547,0.577462188189103,2.0659348350261
1980-04-01,5.23388693295303,3.78760697726999,1.44627995568303,1.7244750120575,,Initial Covariance Matrix,,,,,,,,,,,,,,,,,,,2.25228601504697,,1980-04-01,4.06707849438712,3.57964350379795,0.487434990589173,1.53983468078826
1980-07-01,3.92603991162448,3.85022783744752,0.0758120741769617,1.16081476235831,,0.775887720148352,0.2,0,0.202288356514171,0.2,0,0,,,,,,,,,,,,,3.21072464437552,,1980-07-01,4.00447285969529,3.56188011493644,0.442592744758853,1.37096325348369
1980-10-01,3.87875609999553,3.89083843679858,-0.0120823368030433,0.938213153242486,,0.2,0.2,0,0,0,0,0,,,,,,,,,,,,,0.497971690004467,,1980-10-01,3.90415567193899,3.54282884469017,0.361326827248814,1.2944444302687
1981-01-01,4.00340843179987,3.93352568544385,0.0698827463560206,0.825303185218559,,0,0,0.2,0,0,0,0,,,,,,,,,,,,,-2.56701958479987,,1981-01-01,3.73650858416381,3.52078776682182,0.215720817341994,1.31572943999117
1981-04-01,3.31820338795928,3.86102248117425,-0.542819093214975,0.56947505385159,,0.202288356514171,0,0,0.202288356514171,0.2,0,0,,,,,,,,,,,,,-2.32846616095928,,1981-04-01,3.55317695756162,3.495493647903,0.0576833096586161,1.04684253819357
1981-07-01,3.22552141586473,3.836588865377,-0.611067449512269,0.530517195510754,,0.2,0,0,0.2,0.2,0,0,,,,,,,,,,,,,-0.70621237786473,,1981-07-01,3.39307199555633,3.47337247512772,-0.0803004795713901,1.0119106792535
1981-10-01,2.48686459000312,3.68077059068822,-1.1939060006851,0.289535135407391,,0,0,0,0,0,7.29807861256066,0.2,,,,,,,,,,,,,-0.336541068003123,,1981-10-01,3.29757820908834,3.45170170098509,-0.154123491896755,0.542175769827963
1982-01-01,1.57342668318737,3.740218073987,-2.16679139079963,0.0334904219304235,,0,0,0,0,0,0.2,0.2,,,,,,,,,,,,,-0.0177385821873699,,1982-01-01,3.25621136133557,3.43727447588884,-0.181063114553272,0.630315685824598
1982-04-01,1.36720589648794,3.85453167333369,-2.48732577684575,-0.00910232095844776,,,,,,,,,,,,,,,,,,,,,0.295171333512059,,1982-04-01,3.12550131054724,3.42055417126478,-0.295052860717543,0.973558748853179
1982-07-01,0.867711308423599,3.60618091322605,-2.73846960480245,-0.191536572017355,,,,,,,,,,,,,,,,,,,,,0.836023997576401,,1982-07-01,3.02867569825961,3.39852298037918,-0.369847282119578,0.295547997740755
1982-10-01,0.584740295276551,3.5724018852318,-2.98766158995525,-0.270847200207527,,,,,,,,,,,,,,,,,,,,,1.80519728772345,,1982-10-01,3.06300231999604,3.38809666574071,-0.325094345744677,0.209754349158686
1983-01-01,-0.716235442351813,3.449977700084,-4.16621314243581,-0.635591459866191,,,,,,,,,,,,,,,,,,,,,2.93344952235181,,1983-01-01,3.18933738876381,3.37960365963483,-0.190266270871025,-0.222689096810484
1983-04-01,-0.649278381129808,3.42569865604613,-4.07497703717594,-0.629398928708667,,,,,,,,,,,,,,,,,,,,,1.65570135212981,,1983-04-01,3.4166282631416,3.37872392663855,0.0379043365030514,-0.278754801328034
1983-07-01,-0.362964172232696,3.46283915193188,-3.82580332416458,-0.535163301570435,,,,,,,,,,,,,,,,,,,,,1.8396057852327,,1983-07-01,3.65040318645003,3.37879675556016,0.27160643088987,-0.12657901065819
1983-10-01,0.45175856441064,3.38459122050638,-2.93283265609574,-0.328789712685477,,,,,,,,,,,,,,,,,,,,,2.01749231658936,,1983-10-01,3.90580617949474,3.37680085835124,0.529005321143504,-0.259658412234501
1984-01-01,-0.235273199713024,3.41317681844065,-3.64845001815368,-0.49620307516193,,,,,,,,,,,,,,,,,,,,,2.51282301471302,,1984-01-01,4.20921977169333,3.37731706830119,0.831902703392143,-0.232059145337928
1984-04-01,0.203059550149683,3.50431890420595,-3.30125935405627,-0.37405565134361,,,,,,,,,,,,,,,,,,,,,1.61805592885032,,1984-04-01,4.48363378732428,3.37718554008391,1.10644824724037,0.0606937351174679
1984-07-01,0.043106029465573,3.4936731267817,-3.45056709731613,-0.42104970200063,,,,,,,,,,,,,,,,,,,,,1.94527974353443,,1984-07-01,4.73036000602704,3.37194843766639,1.35841156836066,0.0315268357617242
1984-10-01,0.554335118813996,3.27748130254639,-2.7231461837324,-0.348684031682012,,,,,,,,,,,,,,,,,,,,,2.349679864186,,1984-10-01,5.10647206492862,3.36772407080092,1.7387479941277,-0.554570254453949
1985-01-01,0.224417698961274,3.57825508650506,-3.35383738754378,-0.361989659410028,,,,,,,,,,,,,,,,,,,,,2.60897072303873,,1985-01-01,5.48398770851002,3.37258877465753,2.1113989338525,0.280106840107749
1985-04-01,0.184764254782523,3.63429156169309,-3.44952730691056,-0.382252218106487,,,,,,,,,,,,,,,,,,,,,2.68082267421748,,1985-04-01,5.70323575244059,3.36292449508859,2.340311257352,0.449185685381167
1985-07-01,1.22080271207783,3.79313792601095,-2.57233521393312,-0.107927667425713,,,,,,,,,,,,,,,,,,,,,1.48334336992217,,1985-07-01,5.80356066714812,3.34948506477741,2.45407560237072,1.0087571590613
1985-10-01,1.49134480537184,3.84539369120789,-2.35404888583605,-0.0537753963528758,,,,,,,,,,,,,,,,,,,,,3.30449371662816,,1985-10-01,5.7573649799734,3.32581023700312,2.43155474297029,1.22605462456062
1986-01-01,2.44871496536721,3.65723073351836,-1.20851576815115,0.0807227657614362,,,,,,,,,,,,,,,,,,,,,1.60068902263279,,1986-01-01,5.72958911211052,3.29830279534288,2.43128631676763,0.757158317774213
1986-04-01,2.01469069928887,3.3748272066967,-1.36013650740783,-0.161923268426165,,,,,,,,,,,,,,,,,,,,,0.594856561711131,,1986-04-01,5.91889733097415,3.27839990270602,2.64049742826813,-0.124431585071761
1986-07-01,2.18462791082949,3.30028348514111,-1.11565557431162,-0.156530011880818,,,,,,,,,,,,,,,,,,,,,0.984868655170509,,1986-07-01,6.31890781341848,3.27243422342247,3.04647358999601,-0.350895692614017
1986-10-01,1.9455630744893,3.29717338164948,-1.35161030716018,-0.216414500724738,,,,,,,,,,,,,,,,,,,,,0.503246681510697,,1986-10-01,6.80424022470385,3.26970535356964,3.5345348711342,-0.38734819823577
1987-01-01,1.3604122927979,3.03536899790893,-1.67495670511103,-0.430182994345387,,,,,,,,,,,,,,,,,,,,,1.4639227832021,,1987-01-01,7.48916150143352,3.26794795887976,4.22121354255376,-1.22098121150009
1987-04-01,2.01162462493939,3.23024886987214,-1.21862424493275,-0.201395628223395,,,,,,,,,,,,,,,,,,,,,0.442198093060611,,1987-04-01,8.3031986000466,3.27952068073148,5.02367791931512,-0.641352032985139
1987-07-01,2.38886905587851,3.38913872140932,-1.00026966553081,-0.0572834201267938,,,,,,,,,,,,,,,,,,,,,0.528737004121485,,1987-07-01,9.00860041790862,3.2804944066238,5.72810601128483,-0.164009207009542
1987-10-01,2.37475056456831,3.67616406282431,-1.301413498256,0.0201828087334093,,,,,,,,,,,,,,,,,,,,,1.02169868843169,,1987-10-01,9.54382627690183,3.27210728784016,6.27171898906167,0.697015145231944
1988-01-01,3.3474789820814,3.88870583584929,-0.541226853767891,0.296272014897283,,,,,,,,,,,,,,,,,,,,,-0.114434874081398,,1988-01-01,9.83664324895347,3.24785548474202,6.58878776421145,1.42024130393293
1988-04-01,2.73646041343343,3.69165090902542,-0.95519049559199,0.0600737151335693,,,,,,,,,,,,,,,,,,,,,0.0354350375665731,,1988-04-01,10.1077484577274,3.21080119656777,6.89694726115958,0.84505097110582
1988-07-01,3.85881074213125,3.82892359236496,0.0298871497662929,0.357708837912526,,,,,,,,,,,,,,,,,,,,,-0.576961974131249,,1988-07-01,10.4131443867368,3.18201372593505,7.23113066080177,1.36591442871799
1988-10-01,4.42424616102662,3.80226387701695,0.621982284009672,0.468463030504211,,,,,,,,,,,,,,,,,,,,,-0.97163849402662,,1988-10-01,10.63751265141,3.14337448155674,7.4941381698533,1.38134400786629
1989-01-01,5.19818490772758,4.1209978334966,1.07718707423098,0.722348207980588,,,,,,,,,,,,,,,,,,,,,-1.46824217572758,,1989-01-01,10.684165045902,3.10242997701184,7.58173506889013,2.4487376781662
1989-04-01,3.96175452582984,3.64129756766278,0.320456958167069,0.245172578541712,,,,,,,,,,,,,,,,,,,,,0.149332479170155,,1989-04-01,10.7615108245114,3.04328582544587,7.71822499906556,1.03438023204399
1989-07-01,4.23481247108068,3.74353003142676,0.49128243965392,0.313202014235117,,,,,,,,,,,,,,,,,,,,,0.327484319919323,,1989-07-01,11.0353007180269,3.00655656715791,8.02874415086898,1.40515876018873
1989-10-01,4.88357403260892,4.10702815456039,0.776545878048525,0.538813555794036,,,,,,,,,,,,,,,,,,,,,0.185920286391084,,1989-10-01,11.041841404205,2.96115569805847,8.08068570614656,2.60434520735924
1990-01-01,5.01371422761355,3.75901198928712,1.25470223832643,0.41109074611046,,,,,,,,,,,,,,,,,,,,,0.317153750386451,,1990-01-01,10.9620443703809,2.89468658438668,8.06735778599417,1.66249001627057
1990-04-01,5.81601357232334,4.12786675929989,1.68814681302345,0.661116327062928,,,,,,,,,,,,,,,,,,,,,0.136862544676664,,1990-04-01,10.815131951289,2.84136338446857,7.97376856682046,2.89342033484496
1990-07-01,6.89015619157472,4.24811277952282,2.6420434120519,0.886704752088463,,,,,,,,,,,,,,,,,,,,,-0.458259163574718,,1990-07-01,10.2976145110658,2.76478725983158,7.53282725123424,3.43687491700695
1990-10-01,7.37606462091484,3.96522741849037,3.41083720242448,0.839277789216567,,,,,,,,,,,,,,,,,,,,,-0.725765357914843,,1990-10-01,9.71211647989212,2.67746188702392,7.0346545928682,2.74273115877514
1991-01-01,7.14777311978001,3.95510840518136,3.19266471459865,0.708371396196185,,,,,,,,,,,,,,,,,,,,,-0.436649112780005,,1991-01-01,9.15300712502529,2.59956052198498,6.55344660304031,2.82006588559659
1991-04-01,6.72960875457386,3.96984121839094,2.75976753618292,0.545444683112294,,,,,,,,,,,,,,,,,,,,,-0.113313850573863,,1991-04-01,8.46367057151241,2.51803097683018,5.94563959468223,2.98447513683959
1991-07-01,7.47965605747542,3.75430917112132,3.7253468863541,0.602203015569103,,,,,,,,,,,,,,,,,,,,,-2.68316833747542,,1991-07-01,7.72500397094577,2.4321422033727,5.29286176757306,2.5258660646528
1991-10-01,7.0287883781842,3.67772072790606,3.35106765027814,0.448398912595621,,,,,,,,,,,,,,,,,,,,,-2.9947954241842,,1991-10-01,6.9922937811648,2.35226630348713,4.64002747767766,2.45000042044228
1992-01-01,7.34792695797051,3.54327064153948,3.80465631643103,0.500006949629835,,,,,,,,,,,,,,,,,,,,,-3.96096520297051,,1992-01-01,6.2248123072605,2.27269155879175,3.95212074846874,2.27263410925207
1992-04-01,7.53603779261087,3.34860395994231,4.18743383266855,0.522025386040809,,,,,,,,,,,,,,,,,,,,,-5.54468239961087,,1992-04-01,5.48058924786052,2.19595532386997,3.28463392399055,1.91554393916408
1992-07-01,5.25408346140027,3.26680504895483,1.98727841244544,0.0154744498611876,,,,,,,,,,,,,,,,,,,,,-3.12569778240027,,1992-07-01,4.76266188544085,2.12525342526454,2.63740846017631,1.80411293020808
1992-10-01,5.01336326481723,2.9461710632365,2.06719220158073,-0.0598968776177458,,,,,,,,,,,,,,,,,,,,,-3.65531968381723,,1992-10-01,4.14351635303609,2.05769889962758,2.08581745340851,1.06819297841832
1993-01-01,4.72224987776896,2.98561187438908,1.73663800337988,-0.0299709915699395,,,,,,,,,,,,,,,,,,,,,-3.95429845776896,,1993-01-01,3.571571755785,2.00322313863245,1.56834861715256,1.39925199479001
1993-04-01,4.82079950817181,2.66896627663543,2.15183323153639,-0.0063106612490742,,,,,,,,,,,,,,,,,,,,,-3.63310782017181,,1993-04-01,3.033966160748,1.94477105489034,1.08919510585765,0.680552272025636
1993-07-01,4.49354492400689,2.41281188588246,2.08073303812443,-0.0650657625764097,,,,,,,,,,,,,,,,,,,,,-3.71935630300689,,1993-07-01,2.7148919693168,1.90023369922295,0.814658270093846,0.0846461347521199
1993-10-01,3.61160545739435,2.38844573871401,1.22315971868034,-0.187884180894969,,,,,,,,,,,,,,,,,,,,,-2.71759086039435,,1993-10-01,2.50080985198205,1.86693970305563,0.633870148926415,0.138647091594976
1994-01-01,4.07627115836906,2.42791568590055,1.64835547246851,0.0247604776758976,,,,,,,,,,,,,,,,,,,,,-3.55230630436906,,1994-01-01,2.2342923823802,1.83362067550364,0.400671706876559,0.442314972734039
1994-04-01,4.43061273091342,2.08111244037342,2.34950029054,0.0864023134052445,,,,,,,,,,,,,,,,,,,,,-4.00675633091342,,1994-04-01,2.06599298259723,1.7969455587543,0.269047423842931,-0.440249016046948
1994-07-01,2.31757484915745,2.35898217183951,-0.0414073226820659,-0.243569089832931,,,,,,,,,,,,,,,,,,,,,-1.72564285515745,,1994-07-01,1.92453040716508,1.7753653055988,0.14916510156628,0.447464960817229
1994-10-01,1.17338344784837,2.02098779966604,-0.847604351817668,-0.543911827900899,,,,,,,,,,,,,,,,,,,,,-0.557150537848372,,1994-10-01,1.78817967505121,1.74062478393192,0.0475548911192896,-0.475279329253851
1995-01-01,1.87348701596372,2.02516664644768,-0.151679630483965,-0.302868077209951,,,,,,,,,,,,,,,,,,,,,-1.54721505196372,,1995-01-01,1.81338216986739,1.72244568140635,0.0909364884610378,-0.326819462697415
1995-04-01,1.81947635198152,2.19965263015397,-0.380176278172442,-0.194289178579766,,,,,,,,,,,,,,,,,,,,,-1.49081032898152,,1995-04-01,1.72628436951707,1.70200644767493,0.0242779218421389,0.313594250030292
1995-07-01,1.84228247581504,2.21621755672196,-0.373935080906919,-0.124448273261237,,,,,,,,,,,,,,,,,,,,,-1.67727654181504,,1995-07-01,1.49831344267417,1.67127719376696,-0.172963751092785,0.497416189770206
1995-10-01,1.18282782826924,2.09504155820487,-0.912213729935629,-0.263477784869963,,,,,,,,,,,,,,,,,,,,,-1.25874822326924,,1995-10-01,1.27664694695376,1.63830372815536,-0.361656781201591,0.235460257467821
1996-01-01,0.319928214261329,2.17371427557568,-1.85378606131435,-0.386706678814619,,,,,,,,,,,,,,,,,,,,,0.375453872738671,,1996-01-01,1.042953977051,1.61012737380498,-0.567173396753986,0.56997362383936
1996-04-01,0.901626887869074,2.26198267233072,-1.36035578446165,-0.178899653364169,,,,,,,,,,,,,,,,,,,,,-0.350064113869074,,1996-04-01,0.664765227938614,1.57662889112881,-0.9118636631902,0.994843815304762
1996-07-01,0.560225727697652,2.1525290651958,-1.59230333749815,-0.26564610171738,,,,,,,,,,,,,,,,,,,,,0.246167493302348,,1996-07-01,0.214927299123129,1.53655540416564,-1.32162810504251,0.783506097918064
1996-10-01,0.767916108258453,2.31279731199601,-1.54488120373755,-0.141828915580049,,,,,,,,,,,,,,,,,,,,,-0.00875498225845339,,1996-10-01,-0.341211096270341,1.49980070212418,-1.84101179839452,1.41034016007376
1997-01-01,0.13396095415785,2.33480890809398,-2.20084795393613,-0.269177513886973,,,,,,,,,,,,,,,,,,,,,0.40473941184215,,1997-01-01,-1.10160928651952,1.45245158498477,-2.55406087150429,1.60755043658878
1997-04-01,0.014940895732694,2.03012324756038,-2.01518235182768,-0.372504119791301,,,,,,,,,,,,,,,,,,,,,0.528816734267306,,1997-04-01,-1.8384348489602,1.40264971636994,-3.24108456533013,0.834687416398594
1997-07-01,0.710682732208741,2.00080380699511,-1.29012107478637,-0.1897175649014,,,,,,,,,,,,,,,,,,,,,-0.468430069208741,,1997-07-01,-2.50831974418365,1.3662336913667,-3.87455343555035,0.904454666508229
1997-10-01,0.112537070155608,1.88349397857754,-1.77095690842193,-0.337546699575739,,,,,,,,,,,,,,,,,,,,,0.0322955368443921,,1997-10-01,-3.20794364584809,1.32923562571039,-4.53717927155848,0.660930353058518
1998-01-01,-2.02159383315622,1.45360466118536,-3.47519849434158,-0.936528396449205,,,,,,,,,,,,,,,,,,,,,2.05227550115622,,1998-01-01,-3.70143206056242,1.2980278030216,-4.99945986358402,-0.603962069838531
1998-04-01,-2.5065545715669,1.2763217673981,-3.782876338965,-1.05480952115687,,,,,,,,,,,,,,,,,,,,,2.4671730635669,,1998-04-01,-3.90475234369074,1.28959458065494,-5.19434692434568,-1.0862841909842
1998-07-01,-2.62882445689578,1.26366311337261,-3.89248757026838,-1.03345834726798,,,,,,,,,,,,,,,,,,,,,2.54955156189578,,1998-07-01,-4.01958961906043,1.29036568017836,-5.30995529923879,-1.07415294146233
1998-10-01,-0.540935762284841,1.27313903432737,-1.81407479661221,-0.487786285489108,,,,,,,,,,,,,,,,,,,,,0.493606724284841,,1998-10-01,-4.15475643846869,1.29184566181068,-5.44660210027937,-0.924589338630369
1999-01-01,-0.243677124779058,1.04813895537365,-1.29181608015271,-0.443670743563644,,,,,,,,,,,,,,,,,,,,,0.264073463779058,,1999-01-01,-4.20285701935322,1.29215111906183,-5.49500813841505,-1.56754351418465
1999-04-01,-1.34867684176872,1.08988924928765,-2.43856609105636,-0.648491638033477,,,,,,,,,,,,,,,,,,,,,1.35137534776872,,1999-04-01,-4.13231673494636,1.30398690548247,-5.43630364042884,-1.47647794469384
1999-07-01,-2.08071264527056,1.01073641102909,-3.09144905629966,-0.80688255365834,,,,,,,,,,,,,,,,,,,,,2.00900169027056,,1999-07-01,-4.00942427566472,1.31522900939169,-5.32465328505641,-1.74325059883171
1999-10-01,-1.02516114684103,1.04481362159578,-2.06997476843681,-0.509772303470697,,,,,,,,,,,,,,,,,,,,,0.876046434841032,,1999-10-01,-3.82990135065637,1.33157715910662,-5.16147850976299,-1.6173389585465
2000-01-01,-1.10733152215985,1.32436555192003,-2.43169707407987,-0.410274262247526,,,,,,,,,,,,,,,,,,,,,0.947575463159849,,2000-01-01,-3.78793736039455,1.34558052853799,-5.13351788893253,-0.775744738201638
2000-04-01,-1.34694636646361,1.3160815414128,-2.66302790787641,-0.446628707676609,,,,,,,,,,,,,,,,,,,,,1.18948132446361,,2000-04-01,-3.88833298670289,1.34576335014691,-5.2340963368498,-0.789785662033808
2000-07-01,-2.27341348202477,1.21711070025832,-3.49052418228309,-0.674854380050931,,,,,,,,,,,,,,,,,,,,,2.22230659502477,,2000-07-01,-3.93233061045175,1.34684049057663,-5.27917110102838,-1.10897440055595
2000-10-01,-4.13123812569079,1.31575213529883,-5.44699026098962,-1.06148029417301,,,,,,,,,,,,,,,,,,,,,4.22224079669079,,2000-10-01,-3.95423180157138,1.35353101189007,-5.30776281346146,-0.86475094815944
2001-01-01,-2.86869628478657,1.40681343863972,-4.27550972342629,-0.722607542033415,,,,,,,,,,,,,,,,,,,,,2.99353786478657,,2001-01-01,-4.07589951953008,1.3562922487319,-5.43219176826198,-0.530975771575015
2001-04-01,-3.33517715551564,1.31576557174409,-4.65094272725973,-0.853870391306202,,,,,,,,,,,,,,,,,,,,,3.32360304551564,,2001-04-01,-4.22150014058296,1.35392681637361,-5.57542695695657,-0.807477492130545
2001-07-01,-3.71168074517014,1.04501190273765,-4.75669264790779,-1.01505868447663,,,,,,,,,,,,,,,,,,,,,3.86672604517014,,2001-07-01,-4.18014521503328,1.3572672477903,-5.53741246282358,-1.64648293847142
2001-10-01,-4.59678155082354,0.962098812089409,-5.55888036291295,-1.23099072594783,,,,,,,,,,,,,,,,,,,,,4.81777593582354,,2001-10-01,-3.91389146816607,1.37548993348038,-5.28938140164645,-1.96375365203136
2002-01-01,-4.02597192566678,0.945267771170693,-4.97123969683748,-1.08526936691584,,,,,,,,,,,,,,,,,,,,,4.57398425166678,,2002-01-01,-3.5378919319653,1.39963132075613,-4.93752325272142,-2.04997034500082
2002-04-01,-4.08818431274762,1.12248795091526,-5.21067226366289,-1.03574285450804,,,,,,,,,,,,,,,,,,,,,4.60716382274762,,2002-04-01,-3.18412617925199,1.42514384729808,-4.60927002655007,-1.57325805202942
2002-07-01,-3.29256594279417,1.19985249251231,-4.49241843530647,-0.825426859314234,,,,,,,,,,,,,,,,,,,,,4.05404315779417,,2002-07-01,-2.91931302499545,1.44254984431157,-4.36186286930702,-1.36179981514226
2002-10-01,-3.76947875175865,1.23709262952034,-5.00657138127899,-0.932498514260431,,,,,,,,,,,,,,,,,,,,,4.35053811075865,,2002-10-01,-2.67744999704171,1.45627990730441,-4.13372990434613,-1.31061813489828
2003-01-01,-3.04370891707187,1.12921999140168,-4.17292890847355,-0.802455573146517,,,,,,,,,,,,,,,,,,,,,3.86018204307187,,2003-01-01,-2.36102584263274,1.46936193227816,-3.8303877749109,-1.66687940225057
2003-04-01,-1.35609296884081,1.28731206483423,-2.64340503367504,-0.363078761624081,,,,,,,,,,,,,,,,,,,,,2.09168188584081,,2003-04-01,-2.02835462415889,1.4879024982374,-3.51625712239628,-1.19513105130568
2003-07-01,-1.41286976652098,1.31372991959212,-2.72659968611309,-0.380845105249421,,,,,,,,,,,,,,,,,,,,,2.18920873452098,,2003-07-01,-1.75929076666204,1.49807656174241,-3.25736732840445,-1.16779677849905
2003-10-01,-0.829663205931487,1.45020295762282,-2.27986616355431,-0.214345160938308,,,,,,,,,,,,,,,,,,,,,1.46913202993149,,2003-10-01,-1.53976590101297,1.50703770033322,-3.04680360134619,-0.778964172063809
2004-01-01,-1.18458525984191,1.61534792963833,-2.79993318948024,-0.26148531830961,,,,,,,,,,,,,,,,,,,,,1.65738599384191,,2004-01-01,-1.45806590956306,1.50851526487834,-2.9665811744414,-0.310630700740887
2004-04-01,-1.39782408560904,1.55629048068628,-2.95411456629532,-0.343526880727723,,,,,,,,,,,,,,,,,,,,,1.78933093860904,,2004-04-01,-1.42988299741199,1.50175637604036,-2.93163937345234,-0.499716921584252
2004-07-01,-0.912791957482407,1.53618617175403,-2.44897812923644,-0.243769150311721,,,,,,,,,,,,,,,,,,,,,1.21804111348241,,2004-07-01,-1.35825843333064,1.49787708794161,-2.85613552127225,-0.551334689751457
2004-10-01,-1.92610705822326,1.43076852169576,-3.35687557991901,-0.517939475179162,,,,,,,,,,,,,,,,,,,,,2.39327571622326,,2004-10-01,-1.20975640238677,1.49486037744683,-2.7046167798336,-0.910662208315728
2005-01-01,-2.07863617278301,1.45394305857596,-3.53257923135898,-0.547281277889795,,,,,,,,,,,,,,,,,,,,,2.53629727278302,,2005-01-01,-0.987427984526528,1.49770823542534,-2.48513621995186,-0.861596227427412
2005-04-01,-2.31137016304999,1.67472954590593,-3.98609970895593,-0.537193196022315,,,,,,,,,,,,,,,,,,,,,2.60431614904999,,2005-04-01,-0.867046787316007,1.49895570047716,-2.36600248779317,-0.2041143431303
2005-07-01,-3.73985329488685,1.69834988920418,-5.43820318409102,-0.871531803778225,,,,,,,,,,,,,,,,,,,,,4.13693086888685,,2005-07-01,-0.870929588079935,1.48876193482623,-2.35969152290617,-0.154075383597501
2005-10-01,-3.61854577014133,1.675915703631,-5.29446147377233,-0.855336839797928,,,,,,,,,,,,,,,,,,,,,3.99962892114133,,2005-10-01,-0.881541516150068,1.47762340746158,-2.35916492361165,-0.191740805230324
2006-01-01,-3.46996357798817,1.72617501380923,-5.1961385917974,-0.810533852803417,,,,,,,,,,,,,,,,,,,,,3.83428889698817,,2006-01-01,-0.921467376955905,1.4668400696867,-2.38830744664261,-0.00639390925306316
2006-04-01,-3.8433260170967,1.76282840128366,-5.60615441838036,-0.892732296574025,,,,,,,,,,,,,,,,,,,,,4.3815695500967,,2006-04-01,-1.02822763252488,1.4526503160296,-2.48087794855448,0.13233192029287
2006-07-01,-4.52623715899428,1.70006908812868,-6.22630624712296,-1.07995159791261,,,,,,,,,,,,,,,,,,,,,4.95345000999428,,2006-07-01,-1.14692173224892,1.4361578044166,-2.58307953666551,-0.036346519171957
2006-10-01,-4.23384983233228,1.888842310533,-6.12269214286528,-0.959476078184935,,,,,,,,,,,,,,,,,,,,,4.49590870433228,,2006-10-01,-1.35902396999424,1.42191475622468,-2.78093872621891,0.594607392253579
2007-01-01,-5.3277059061893,2.08147107268155,-7.40917697887085,-1.16410782395866,,,,,,,,,,,,,,,,,,,,,5.7022404041893,,2007-01-01,-1.82784961164611,1.39632565998211,-3.22417527162822,1.23352188874867
2007-04-01,-4.16269690606919,2.03533887135153,-6.19803577742072,-0.916996824187549,,,,,,,,,,,,,,,,,,,,,4.55819259606919,,2007-04-01,-2.47204360743256,1.35994496742086,-3.83198857485342,1.23737937079483
2007-07-01,-4.74989972124664,1.89340118976772,-6.64330091101436,-1.10974321575185,,,,,,,,,,,,,,,,,,,,,5.21850770024664,,2007-07-01,-3.12914896808941,1.32380611856002,-4.45295508664942,0.894868410261722
2007-10-01,-1.79391116580615,1.96470293046285,-3.758614096269,-0.403271839209822,,,,,,,,,,,,,,,,,,,,,2.42863051780615,,2007-10-01,-3.86269724482596,1.29323682617147,-5.15593407099743,1.29822742745461
2008-01-01,-2.68759216450576,2.04499716890999,-4.73258933341575,-0.601392620087609,,,,,,,,,,,,,,,,,,,,,3.18397840150576,,2008-01-01,-4.81046671335195,1.25548974874679,-6.06595646209874,1.63198730583088
2008-04-01,-3.40168841109528,1.77277219203859,-5.17446060313387,-0.865910946103043,,,,,,,,,,,,,,,,,,,,,4.08359124509528,,2008-04-01,-5.79810807764764,1.21275874644977,-7.01086682409742,0.907147929047312
2008-07-01,-1.12696857658993,1.48600847092807,-2.612977047518,-0.426023326510006,,,,,,,,,,,,,,,,,,,,,1.59576907858993,,2008-07-01,-6.62750383750611,1.18317044366567,-7.81067428117177,0.191378856851657
2008-10-01,-8.9122081996188,0.873985503073011,-9.78619370269181,-2.42933171108217,,,,,,,,,,,,,,,,,,,,,9.5293775556188,,2008-10-01,-7.05094771094543,1.16773982971025,-8.21868754065568,-1.84407017070885
2009-01-01,-8.31834331443767,0.0633722814787808,-8.38171559591645,-2.50680482573483,,,,,,,,,,,,,,,,,,,,,7.88504716743767,,2009-01-01,-6.68969845654167,1.19005329093306,-7.87975174747473,-4.33101226470382
2009-04-01,-5.97956672638172,0.410133909398115,-6.38970063577983,-1.78851795782367,,,,,,,,,,,,,,,,,,,,,6.42246894838172,,2009-04-01,-5.97442587209937,1.25488866733261,-7.22931453943198,-3.31590300007787
2009-07-01,-7.33586816419008,0.431399488954503,-7.76726765314459,-2.04900718278145,,,,,,,,,,,,,,,,,,,,,8.11694516319008,,2009-07-01,-5.34589468258103,1.3038002742054,-6.64969495678643,-3.37524600166108
2009-10-01,-6.16731317294967,0.756335001495823,-6.92364817444549,-1.64785484125548,,,,,,,,,,,,,,,,,,,,,6.82631727394967,,2009-10-01,-4.78517222654852,1.35407777158729,-6.1392499981358,-2.45465510708254
2010-01-01,-6.12535046431846,1.02886553425103,-7.15421599856949,-1.54308079854127,,,,,,,,,,,,,,,,,,,,,4.02287538631846,,2010-01-01,-4.46535611578318,1.38867956839579,-5.85403568417897,-1.69655024017311
2010-04-01,-9.19341428952254,1.2411077140624,-10.4345220035849,-2.1581600691556,,,,,,,,,,,,,,,,,,,,,6.77004326452254,,2010-04-01,-4.34422458821168,1.41034225241083,-5.75456684062251,-1.14061232356408
2010-07-01,-8.35671901868994,1.45137456303703,-9.80809358172697,-1.83160010149209,,,,,,,,,,,,,,,,,,,,,6.57440861668994,,2010-07-01,-4.42296651467978,1.42308691986911,-5.84605343454889,-0.417880626673821
2010-10-01,-3.79417377377438,1.23149629732764,-5.02567007110201,-0.785249438056724,,,,,,,,,,,,,,,,,,,,,2.39806344577438,,2010-10-01,-4.54143957762102,1.42559677571148,-5.9670363533325,-0.907779646872882
2011-01-01,-6.69391972593732,0.812133753461582,-7.5060534793989,-1.55918064445751,,,,,,,,,,,,,,,,,,,,,6.73899854893732,,2011-01-01,-4.32632413078691,1.43868620188788,-5.76501033267479,-2.27459732901559
2011-04-01,-6.83669470884473,0.664343857956923,-7.50103856680165,-1.61637006814124,,,,,,,,,,,,,,,,,,,,,6.99639498184473,,2011-04-01,-3.72398895590216,1.47646795285727,-5.20045690875942,-2.81398074692191
2011-07-01,-6.3911395613016,1.19484835475492,-7.58598791605652,-1.34469723228864,,,,,,,,,,,,,,,,,,,,,6.1705002333016,,2011-07-01,-3.21495324833168,1.52269630813553,-4.73764955646721,-1.29463514987339
2011-10-01,-6.06417125270085,1.22753740697852,-7.29170865967938,-1.26655814475049,,,,,,,,,,,,,,,,,,,,,6.23319189570085,,2011-10-01,-2.95218802890159,1.54326187854729,-4.49544990744889,-1.24307459395885
2012-01-01,-2.6623759073403,1.39699657105016,-4.05937247839046,-0.430718199629325,,,,,,,,,,,,,,,,,,,,,2.9743995113403,,2012-01-01,-2.77166487135762,1.56254032759898,-4.3342051989566,-0.689094228978888
2012-04-01,-4.46802585040133,1.34719244002824,-5.81521829042956,-0.891724066143411,,,,,,,,,,,,,,,,,,,,,4.79718372040133,,2012-04-01,-2.64048479156547,1.57241089680587,-4.21289568837134,-0.940962202461947
2012-07-01,-5.87212339517744,1.26510238587699,-7.13722578105443,-1.26558784072756,,,,,,,,,,,,,,,,,,,,,6.20852131917744,,2012-07-01,-2.39547867248719,1.58663438502925,-3.98211305751644,-1.28745899553223
2012-10-01,-4.79816059676211,1.25985436866757,-6.05801496542968,-1.03143509696929,,,,,,,,,,,,,,,,,,,,,4.97183369776211,,2012-10-01,-2.05630990748105,1.60667208626655,-3.6629819937476,-1.34159312045114
2013-01-01,-5.06524381691494,1.50058985893916,-6.5658336758541,-1.03205138227946,,,,,,,,,,,,,,,,,,,,,5.39311862591494,,2013-01-01,-1.79275320004639,1.62688566546249,-3.41963886550888,-0.674946347294167
2013-04-01,-4.09231588467751,1.62708738828163,-5.71940327295914,-0.783966251588993,,,,,,,,,,,,,,,,,,,,,4.51111447467751,,2013-04-01,-1.70075071519743,1.63532790615287,-3.3360786213503,-0.294841846644488
2013-07-01,-2.43030213959113,1.6807443942916,-4.11104653388273,-0.403916608906002,,,,,,,,,,,,,,,,,,,,,2.66777929559113,,2013-07-01,-1.71212169033557,1.63691785807056,-3.34903954840613,-0.108366087693355
2013-10-01,-2.91964515657341,1.65757834843734,-4.57722350501075,-0.549151847090457,,,,,,,,,,,,,,,,,,,,,3.19682860357341,,2013-10-01,-1.75217788887612,1.63501825348254,-3.38719614235867,-0.206888538724456
2014-01-01,-2.45221233737243,1.9207235018633,-4.37293583923573,-0.378208157800941,,,,,,,,,,,,,,,,,,,,,2.86293210037243,,2014-01-01,-1.92647695884597,1.63375340896413,-3.56023036781009,0.605089922999241
2014-04-01,-2.00209679219573,1.49965642120493,-3.50175321340066,-0.429071840790414,,,,,,,,,,,,,,,,,,,,,2.53806862319573,,2014-04-01,-2.06278119882165,1.6195202202262,-3.68230141904785,-0.656842461996291
2014-07-01,-2.48573271435969,1.35499242553144,-3.84072513989113,-0.601651275621293,,,,,,,,,,,,,,,,,,,,,3.23222289535969,,2014-07-01,-1.89446050833346,1.62683442419508,-3.52129493252854,-1.15125480884819
2014-10-01,-5.09876459340146,1.48894369542001,-6.58770828882147,-1.18218573259134,,,,,,,,,,,,,,,,,,,,,5.85235236340146,,2014-10-01,-1.66927231322672,1.64208454681702,-3.31135686004374,-0.863606403355107
2015-01-01,-3.33824918995971,1.72654746861746,-5.06479665857717,-0.713528028361054,,,,,,,,,,,,,,,,,,,,,3.77465156095971,,2015-01-01,-1.6092827467719,1.6517497624922,-3.2610325092641,-0.122373257828144
2015-04-01,-1.95990429236649,1.61204274781816,-3.57194704018465,-0.445415966215364,,,,,,,,,,,,,,,,,,,,,0.986112548366488,,2015-04-01,-1.63518881983449,1.64887276895128,-3.28406158878577,-0.442853138805617
2015-07-01,-3.4276092807382,1.66777842831176,-5.09538770904997,-0.763892550083369,,,,,,,,,,,,,,,,,,,,,2.8417382377382,,2015-07-01,-1.62870450920929,1.65105712195004,-3.27976163115932,-0.307242248305727
2015-10-01,-2.24203288633568,1.53050771258186,-3.77254059891754,-0.510617177572897,,,,,,,,,,,,,,,,,,,,,1.79765230133568,,2015-10-01,-1.57881432921892,1.65152341906159,-3.2303377482805,-0.676188934913455
2016-01-01,-1.56252306593683,1.6221177321583,-3.18464079809513,-0.310970215795578,,,,,,,,,,,,,,,,,,,,,1.34153690693683,,2016-01-01,-1.49859446219361,1.65837920915269,-3.1569736713463,-0.383369739023181
2016-04-01,-1.79913435606465,1.61355645508242,-3.41269081114707,-0.364703906710247,,,,,,,,,,,,,,,,,,,,,1.63224634606465,,2016-04-01,-1.4567313051252,1.66048571204237,-3.11721701716757,-0.417954973796157
2016-07-01,-1.43000193431761,1.66312967440974,-3.09313160872736,-0.26313991368454,,,,,,,,,,,,,,,,,,,,,1.06635546231761,,2016-07-01,-1.43000193431761,1.66312967440974,-3.09313160872736,-0.26313991368454
